RNC,RAZON_SOCIAL
132024974,CTJM DR SRL
132024982,SUVENIR CARIBE 2508 SRL
132025008,COMPAÃ‘IA DE TRANSPORTE HACIENDA ESTRELLA COTRAHE SRL
132025016,ANSUIT SRL
132025032,ALLTECK EIRL
132025042,YUCA RD KASSAN PRODUCE SRL
132025075,INVERSIONES SOPHYVAL SRL
132025083,FIDEICOMISO PROYECTO TOWER ROSE 37
132025131,GD MODELS MANAGEMENT SRL
132025148,MACROLEX SRL
132025164,RENEWABLE ENERGY WORLD DOMINICUS R E W D SRL
132025172,INCUBASPACIO SRL
132025199,IMPERMEABILIZANTES JUHER SRL
132025229,CENTRO DE RECURSOS PSICOLOGICOS ESPECIALIZADOS CEREPE SRL
132025237,HASHEM FILMS SRL
132025253,CONSORCIO DE MANTENIMIENTO ATSO
132025288,PLAYHOUSE JOMACABA SRL
132025296,SSUMYTEC SERVICIOS Y SUMINISTROS TECNICOS SRL
132025318,SUPER VISION ALC MULTISERVICES SRL
130159777,MAGYCORP SRL
132025342,KRANTZ INTERNATIONAL EIRL
132025352,INVERSIONES MEDINA & GARCIA SRL
132025423,ARQUITECTURA CONSTRUCCIONES TECNOLOGIAS ACABADOS ARQCTAC SRL
132025431,CONSTRUCTORA NONA SRL
132025441,FIDEICOMISO LEADERVILLE
